"kernel","gsize","device","input_bytes","output_bytes","device_mean","transfer_mean","machine","hostcode_mean","devicetransfer","#device","#machine"
"shoc-1.1.5-S3D-ratt5_kernel","19000","Tesla_V100_SXM2_32GB","0.3745844278105846","0.1244239631336405","0.013604","0.287296936126709","silver1","0.300900936126709","0.0142270869122582","1","1"
"nvidia-4.2-MatVecMul-MatVecMulCoalesced2","100","Tesla_V100_SXM2_32GB","0.001316664362504","0.0006583278472679","0.04745216","0.2031496084936523","silver1","0.2506017684936523","0.010063470626888","1","1"
"nvidia-4.2-MatVecMul-MatVecMulCoalesced2","200","Tesla_V100_SXM2_32GB","0.00329166090626","0.0019749835418038","0.1080319999999999","0.2240874648742676","silver1","0.3321194648742676","0.0168112643612148","1","1"
"nvidia-4.2-MatVecMul-MatVecMulCoalesced2","300","Tesla_V100_SXM2_32GB","0.0052666574500161","0.0032916392363396","0.08408576","0.2238151456091308","silver1","0.3079009056091308","0.0148065236764354","1","1"
"nvidia-4.2-MatVecMul-MatVecMulCoalesced2","400","Tesla_V100_SXM2_32GB","0.0072416539937721","0.0046082949308755","0.10412032","0.2644461930615234","silver1","0.3685665130615234","0.0198282431806894","1","1"
"nvidia-4.2-MatVecMul-MatVecMulCoalesced2","500","Tesla_V100_SXM2_32GB","0.0092166505375282","0.0059249506254114","0.14237696","0.206441342154541","silver1","0.348818302154541","0.0181935447073651","1","1"
"nvidia-4.2-MatVecMul-MatVecMulCoalesced2","600","Tesla_V100_SXM2_32GB","0.0111916470812842","0.0072416063199473","0.11928064","0.2051069103540039","silver1","0.3243875503540039","0.016171239352282","1","1"
"nvidia-4.2-MatVecMul-MatVecMulCoalesced2","700","Tesla_V100_SXM2_32GB","0.0131666436250403","0.0085582620144832","0.1099622399999999","0.254647716741333","silver1","0.364609956741333","0.0195007311540708","1","1"
"nvidia-4.2-MatVecMul-MatVecMulCoalesced2","100","NvidiaA100","0.001316664362504","0.0006583278472679","0.0849817599999999","0.1460935268652343","epyc7","0.2310752868652343","0.0084471262472519","1","7"
"nvidia-4.2-MatVecMul-MatVecMulCoalesced2","200","NvidiaA100","0.00329166090626","0.0019749835418038","0.16093696","0.1440373575506592","epyc7","0.3049743175506592","0.0145642693753361","1","7"
"nvidia-4.2-MatVecMul-MatVecMulCoalesced2","300","NvidiaA100","0.0052666574500161","0.0032916392363396","0.13310464","0.1454219045709228","epyc7","0.2785265445709228","0.0123750009744444","1","7"
"nvidia-4.2-MatVecMul-MatVecMulCoalesced2","400","NvidiaA100","0.0072416539937721","0.0046082949308755","0.1890355199999999","0.1474064737133789","epyc7","0.3364419937133789","0.0171690705102112","1","7"
"nvidia-4.2-MatVecMul-MatVecMulCoalesced2","500","NvidiaA100","0.0092166505375282","0.0059249506254114","0.2470451199999999","0.1476663744458008","epyc7","0.3947114944458008","0.0219924473891252","1","7"
"nvidia-4.2-MatVecMul-MatVecMulCoalesced2","600","NvidiaA100","0.0111916470812842","0.0072416063199473","0.23886336","0.1477788576361084","epyc7","0.3866422176361084","0.0213244965279679","1","7"
"nvidia-4.2-MatVecMul-MatVecMulCoalesced2","700","NvidiaA100","0.0131666436250403","0.0085582620144832","0.2162432","0.1480329707305908","epyc7","0.3642761707305908","0.0194731013356155","1","7"
"polybench-gpu-1.0-gesummv-gesummv_kernel","100","Tesla_V100_SXM2_32GB","0.0026399120468205","0.0006583278472679","0.01276416","0.1961846906317138","silver1","0.2089488506317138","0.0066155653174335","1","1"
"polybench-gpu-1.0-gesummv-gesummv_kernel","200","Tesla_V100_SXM2_32GB","0.0059315729530806","0.0019749835418038","0.02051072","0.2273909580853271","silver1","0.2479016780853271","0.0098399651311691","1","1"
"polybench-gpu-1.0-gesummv-gesummv_kernel","300","Tesla_V100_SXM2_32GB","0.0092232338593407","0.0032916392363396","0.02868736","0.2079776504522705","silver1","0.2366650104522705","0.0089098270284554","1","1"
"polybench-gpu-1.0-gesummv-gesummv_kernel","400","Tesla_V100_SXM2_32GB","0.0125148947656008","0.0046082949308755","0.04086272","0.2383671593792724","silver1","0.2792298793792724","0.0124332209490467","1","1"
"polybench-gpu-1.0-gesummv-gesummv_kernel","500","Tesla_V100_SXM2_32GB","0.0158065556718609","0.0059249506254114","0.0637184","0.2332891607299804","silver1","0.2970075607299804","0.0139048048155615","1","1"
"polybench-gpu-1.0-gesummv-gesummv_kernel","600","Tesla_V100_SXM2_32GB","0.0190982165781209","0.0072416063199473","0.058148","0.2380632426757812","silver1","0.2962112426757812","0.013838887962961","1","1"
"polybench-gpu-1.0-gesummv-gesummv_kernel","700","Tesla_V100_SXM2_32GB","0.022389877484381","0.0085582620144832","0.06811136","0.2046752572790527","silver1","0.2727866172790527","0.011899866774936","1","1"
"polybench-gpu-1.0-gesummv-gesummv_kernel","100","NvidiaA100","0.0026399120468205","0.0006583278472679","0.01874944","0.1821217891717529","epyc7","0.2008712291717529","0.0059469237108148","1","7"
"polybench-gpu-1.0-gesummv-gesummv_kernel","200","NvidiaA100","0.0059315729530806","0.0019749835418038","0.0336435199999999","0.1499781249737548","epyc7","0.1836216449737548","0.0045190541642132","1","7"
"polybench-gpu-1.0-gesummv-gesummv_kernel","300","NvidiaA100","0.0092232338593407","0.0032916392363396","0.04346368","0.1528799803546142","epyc7","0.1963436603546142","0.005572144959053","1","7"
"polybench-gpu-1.0-gesummv-gesummv_kernel","400","NvidiaA100","0.0125148947656008","0.0046082949308755","0.06647296","0.1531641955328369","epyc7","0.2196371555328369","0.007500311575542","1","7"
"polybench-gpu-1.0-gesummv-gesummv_kernel","500","NvidiaA100","0.0158065556718609","0.0059249506254114","0.0914431999999999","0.1509891558807373","epyc7","0.2424323558807373","0.0093872308201941","1","7"
"polybench-gpu-1.0-gesummv-gesummv_kernel","600","NvidiaA100","0.0190982165781209","0.0072416063199473","0.09154048","0.1515558716235351","epyc7","0.2430963516235351","0.0094421944233355","1","7"
"polybench-gpu-1.0-gesummv-gesummv_kernel","700","NvidiaA100","0.022389877484381","0.0085582620144832","0.1126092799999999","0.154349195112915","epyc7","0.266958475112915","0.0114174304091216","1","7"
"polybench-gpu-1.0-correlation-std_kernel","100","Tesla_V100_SXM2_32GB","0.000671498824877","0.0","0.01096688","0.2190891674395751","silver1","0.2300560474395752","0.0083627566230401","1","1"
"polybench-gpu-1.0-correlation-std_kernel","200","Tesla_V100_SXM2_32GB","0.001988163187381","0.0006583278472679","0.01315328","0.2247109759051513","silver1","0.2378642559051513","0.0090090970190484","1","1"
"polybench-gpu-1.0-correlation-std_kernel","300","Tesla_V100_SXM2_32GB","0.0033048275498851","0.0013166556945358","0.01475072","0.2269842615368652","silver1","0.2417349815368652","0.0093295042352071","1","1"
"polybench-gpu-1.0-correlation-std_kernel","400","Tesla_V100_SXM2_32GB","0.0046214919123891","0.0019749835418038","0.01320976","0.1874313952429199","silver1","0.2006411552429199","0.0059278788716653","1","1"
"polybench-gpu-1.0-correlation-std_kernel","500","Tesla_V100_SXM2_32GB","0.0059381562748931","0.0026333113890717","0.0241511999999999","0.2351504624450683","silver1","0.2593016624450683","0.0107836221093412","1","1"
"polybench-gpu-1.0-correlation-std_kernel","600","Tesla_V100_SXM2_32GB","0.0072548206373972","0.0032916392363396","0.02263568","0.2358696643908691","silver1","0.2585053443908691","0.0107177052567407","1","1"
"polybench-gpu-1.0-correlation-std_kernel","700","Tesla_V100_SXM2_32GB","0.0085714849999012","0.0039499670836076","0.02847216","0.1911459220465088","silver1","0.2196180820465088","0.0074987327287731","1","1"
"polybench-gpu-1.0-correlation-std_kernel","800","Tesla_V100_SXM2_32GB","0.0098881493624052","0.0046082949308755","0.02928144","0.1902984950738525","silver1","0.2195799350738525","0.0074955750352354","1","1"
"polybench-gpu-1.0-correlation-std_kernel","100","NvidiaA100","0.000671498824877","0.0","0.0119296","0.1316758706573486","epyc7","0.1436054706573486","0.0012066336431129","1","7"
"polybench-gpu-1.0-correlation-std_kernel","200","NvidiaA100","0.001988163187381","0.0006583278472679","0.01829888","0.1319000564624023","epyc7","0.1501989364624023","0.0017524212355285","1","7"
"polybench-gpu-1.0-correlation-std_kernel","300","NvidiaA100","0.0033048275498851","0.0013166556945358","0.0256204799999999","0.1338803573260498","epyc7","0.1595008373260498","0.0025224050691243","1","7"
"polybench-gpu-1.0-correlation-std_kernel","400","NvidiaA100","0.0046214919123891","0.0019749835418038","0.03103744","0.1360606053491211","epyc7","0.1670980453491211","0.003151279472752","1","7"
"polybench-gpu-1.0-correlation-std_kernel","500","NvidiaA100","0.0059381562748931","0.0026333113890717","0.03219968","0.1345335849230957","epyc7","0.1667332649230957","0.0031210840282972","1","7"
"polybench-gpu-1.0-correlation-std_kernel","600","NvidiaA100","0.0072548206373972","0.0032916392363396","0.03705344","0.1335767765985107","epyc7","0.1706302165985107","0.0034436621587631","1","7"
"polybench-gpu-1.0-correlation-std_kernel","700","NvidiaA100","0.0085714849999012","0.0039499670836076","0.0472319999999999","0.1342379172973632","epyc7","0.1814699172973632","0.0043409405130995","1","7"
"npb-3.3-CG-makea_2","1000","NvidiaA100","0.0256617884252035","0.0059249506254114","0.14258688","0.1472740838214111","epyc7","0.2898609638214111","0.0133132306668486","1","7"
"npb-3.3-CG-makea_2","3000","NvidiaA100","0.0783283629253648","0.0190915075707702","0.8371660799999999","0.1467385201434326","epyc7","0.9839046001434326","0.0707641095368364","1","7"
"npb-3.3-CG-makea_2","5000","NvidiaA100","0.1309949374255261","0.032258064516129","1.3457612799999998","0.1456172657611084","epyc7","1.4913785457611084","0.1127713013812244","1","7"
"npb-3.3-CG-makea_2","7000","NvidiaA100","0.1836615119256874","0.0454246214614878","1.80330496","0.1450540526037598","epyc7","1.94835901260376","0.1505987924387844","1","7"
"npb-3.3-CG-makea_2","9000","NvidiaA100","0.2363280864258487","0.0585911784068466","2.53072384","0.1481532752496339","epyc7","2.678877115249634","0.211068919720477","1","7"
"npb-3.3-CG-makea_2","11000","NvidiaA100","0.28899466092601","0.0717577353522053","3.57061632","0.1518809048077394","epyc7","3.7224972248077393","0.297456704814565","1","7"
"npb-3.3-CG-makea_2","13000","NvidiaA100","0.3416612354261713","0.0849242922975641","4.4312576","0.1556476410125734","epyc7","4.586905241012573","0.3690098430241469","1","7"
"npb-3.3-CG-makea_2","15000","NvidiaA100","0.3943278099263326","0.0980908492429229","5.55949056","0.1570943608831789","epyc7","5.716584920883179","0.4625213847394001","1","7"
"npb-3.3-CG-makea_2","17000","NvidiaA100","0.4469943844264939","0.1112574061882817","6.92261376","0.1672168769781497","epyc7","7.089830636978149","0.5761946023373445","1","7"
"npb-3.3-CG-makea_2","19000","NvidiaA100","0.4996609589266552","0.1244239631336405","7.77595392","0.1713670181103519","epyc7","7.947320938110352","0.6471751125594399","1","7"
"npb-3.3-CG-makea_2","1000","Tesla_V100_SXM2_32GB","0.0256617884252035","0.0059249506254114","0.18412544","0.2425412966027832","silver1","0.4266667366027832","0.0246376077945296","1","1"
"npb-3.3-CG-makea_2","3000","Tesla_V100_SXM2_32GB","0.0783283629253648","0.0190915075707702","0.60095488","0.1946121556750488","silver1","0.7955670356750488","0.0551740831513465","1","1"
"npb-3.3-CG-makea_2","5000","Tesla_V100_SXM2_32GB","0.1309949374255261","0.032258064516129","0.99586064","0.2239734492791748","silver1","1.2198340892791748","0.0902936546444392","1","1"
"npb-3.3-CG-makea_2","7000","Tesla_V100_SXM2_32GB","0.1836615119256874","0.0454246214614878","1.43243776","0.2309454854681397","silver1","1.6633832454681396","0.1270093415429418","1","1"
"npb-3.3-CG-makea_2","9000","Tesla_V100_SXM2_32GB","0.2363280864258487","0.0585911784068466","1.93234944","0.2220330272698975","silver1","2.154382467269897","0.1676528044907138","1","1"
"npb-3.3-CG-makea_2","11000","Tesla_V100_SXM2_32GB","0.28899466092601","0.0717577353522053","2.63780864","0.2309486079248048","silver1","2.8687572479248047","0.2267866353383996","1","1"
"npb-3.3-CG-makea_2","13000","Tesla_V100_SXM2_32GB","0.3416612354261713","0.0849242922975641","3.18111744","0.2407887928338624","silver1","3.4219062328338623","0.2725746718046288","1","1"
"npb-3.3-CG-makea_2","15000","Tesla_V100_SXM2_32GB","0.3943278099263326","0.0980908492429229","3.631488","0.2488268269653322","silver1","3.880314826965332","0.3105203790140082","1","1"
"npb-3.3-CG-makea_2","17000","Tesla_V100_SXM2_32GB","0.4469943844264939","0.1112574061882817","4.141726719999999","0.2672217014782717","silver1","4.408948421478272","0.3542791039926174","1","1"
"npb-3.3-CG-makea_2","19000","Tesla_V100_SXM2_32GB","0.4996609589266552","0.1244239631336405","4.66499584","0.276311466289673","silver1","4.941307306289673","0.3983461974807724","1","1"
"shoc-1.1.5-S3D-rdwdot6_kernel","1000","NvidiaA100","0.0190850499344959","0.0059249506254114","0.01310208","0.1760115369433594","epyc7","0.1891136169433593","0.0049736633557263","1","7"
"shoc-1.1.5-S3D-rdwdot6_kernel","3000","NvidiaA100","0.0585849808096169","0.0190915075707702","0.01170432","0.1462038812176513","epyc7","0.1579082012176513","0.0023905713639232","1","7"
"shoc-1.1.5-S3D-rdwdot6_kernel","5000","NvidiaA100","0.0980849116847378","0.032258064516129","0.01202688","0.1525415442248535","epyc7","0.1645684242248535","0.0029418849200299","1","7"
"shoc-1.1.5-S3D-rdwdot6_kernel","7000","NvidiaA100","0.1375848425598588","0.0454246214614878","0.01196544","0.1562472122064209","epyc7","0.1682126522064209","0.0032435433308081","1","7"
"shoc-1.1.5-S3D-rdwdot6_kernel","9000","NvidiaA100","0.1770847734349798","0.0585911784068466","0.01203712","0.1582640789593506","epyc7","0.1703011989593505","0.003416427052","1","7"
"shoc-1.1.5-S3D-rdwdot6_kernel","11000","NvidiaA100","0.2165847043101008","0.0717577353522053","0.01114112","0.1594080342816162","epyc7","0.1705491542816162","0.0034369520599953","1","7"
"shoc-1.1.5-S3D-rdwdot6_kernel","13000","NvidiaA100","0.2560846351852217","0.0849242922975641","0.01213952","0.1695449740185547","epyc7","0.1816844940185547","0.0043587025392493","1","7"
"shoc-1.1.5-S3D-rdwdot6_kernel","15000","NvidiaA100","0.2955845660603427","0.0980908492429229","0.01194496","0.1714370743017578","epyc7","0.1833820343017578","0.0044992199016792","1","7"
"shoc-1.1.5-S3D-rdwdot6_kernel","17000","NvidiaA100","0.3350844969354637","0.1112574061882817","0.01240064","0.1823265423883056","epyc7","0.1947271823883056","0.0054383376953909","1","7"
"shoc-1.1.5-S3D-rdwdot6_kernel","19000","NvidiaA100","0.3745844278105846","0.1244239631336405","0.01223168","0.1773587741015625","epyc7","0.1895904541015625","0.0050131345249481","1","7"
"shoc-1.1.5-S3D-rdwdot6_kernel","1000","Tesla_V100_SXM2_32GB","0.0190850499344959","0.0059249506254114","0.00933904","0.1993344371728515","silver1","0.2086734771728515","0.0065927707172079","1","1"
"shoc-1.1.5-S3D-rdwdot6_kernel","3000","Tesla_V100_SXM2_32GB","0.0585849808096169","0.0190915075707702","0.00863248","0.2081484209552002","silver1","0.2167809009552002","0.0072638792719029","1","1"
"shoc-1.1.5-S3D-rdwdot6_kernel","5000","Tesla_V100_SXM2_32GB","0.0980849116847378","0.032258064516129","0.01011712","0.2701784904278564","silver1","0.2802956104278564","0.0125214390122576","1","1"
"shoc-1.1.5-S3D-rdwdot6_kernel","7000","Tesla_V100_SXM2_32GB","0.1375848425598588","0.0454246214614878","0.00846832","0.2253654698254394","silver1","0.2338337898254394","0.0086754669612005","1","1"
"shoc-1.1.5-S3D-rdwdot6_kernel","9000","Tesla_V100_SXM2_32GB","0.1770847734349798","0.0585911784068466","0.00838656","0.2340064568151855","silver1","0.2423930168151855","0.0093839744487333","1","1"
"shoc-1.1.5-S3D-rdwdot6_kernel","11000","Tesla_V100_SXM2_32GB","0.2165847043101008","0.0717577353522053","0.00849408","0.2435489288043212","silver1","0.2520430088043213","0.0101827722358611","1","1"
"shoc-1.1.5-S3D-rdwdot6_kernel","13000","Tesla_V100_SXM2_32GB","0.2560846351852217","0.0849242922975641","0.00855552","0.2548827047924805","silver1","0.2634382247924804","0.011126034502341","1","1"
"shoc-1.1.5-S3D-rdwdot6_kernel","15000","Tesla_V100_SXM2_32GB","0.2955845660603427","0.0980908492429229","0.00839648","0.2634495759844971","silver1","0.271846055984497","0.0118220098936459","1","1"
"shoc-1.1.5-S3D-rdwdot6_kernel","17000","Tesla_V100_SXM2_32GB","0.3350844969354637","0.1112574061882817","0.00935408","0.2772667753314209","silver1","0.2866208553314209","0.0130450240719859","1","1"
"shoc-1.1.5-S3D-rdwdot6_kernel","19000","Tesla_V100_SXM2_32GB","0.3745844278105846","0.1244239631336405","0.00900096","0.283355054251709","silver1","0.292356014251709","0.0135197635598021","1","1"
"nvidia-4.2-MatVecMul-MatVecMulCoalesced0","100","Tesla_V100_SXM2_32GB","0.001316664362504","0.0006583278472679","0.2064025599999999","0.2036905090765381","silver1","0.4100930690765381","0.0232656886303","1","1"
"nvidia-4.2-MatVecMul-MatVecMulCoalesced0","200","Tesla_V100_SXM2_32GB","0.00329166090626","0.0019749835418038","0.75990528","0.2897933112322998","silver1","1.0496985912322998","0.0762103414660717","1","1"
"nvidia-4.2-MatVecMul-MatVecMulCoalesced0","300","Tesla_V100_SXM2_32GB","0.0052666574500161","0.0032916392363396","0.45640704","0.204150706887207","silver1","0.660557746887207","0.0439984136537089","1","1"
"nvidia-4.2-MatVecMul-MatVecMulCoalesced0","400","Tesla_V100_SXM2_32GB","0.0072416539937721","0.0046082949308755","0.69650432","0.2345190392987061","silver1","0.931023359298706","0.0663867568701297","1","1"
"nvidia-4.2-MatVecMul-MatVecMulCoalesced0","500","Tesla_V100_SXM2_32GB","0.0092166505375282","0.0059249506254114","1.14884608","0.2312613228015137","silver1","1.3801074028015137","0.1035606053653752","1","1"
"nvidia-4.2-MatVecMul-MatVecMulCoalesced0","600","Tesla_V100_SXM2_32GB","0.0111916470812842","0.0072416063199473","0.7299174399999999","0.2318082718225098","silver1","0.9617257118225098","0.0689282067784036","1","1"
"nvidia-4.2-MatVecMul-MatVecMulCoalesced0","700","Tesla_V100_SXM2_32GB","0.0131666436250403","0.0085582620144832","0.5889281599999999","0.207503143024292","silver1","0.796431303024292","0.0552456246455612","1","1"
"nvidia-4.2-MatVecMul-MatVecMulCoalesced0","100","NvidiaA100","0.001316664362504","0.0006583278472679","0.3854643199999999","0.1750875617901611","epyc7","0.5605518817901611","0.0357202240107266","1","7"
"nvidia-4.2-MatVecMul-MatVecMulCoalesced0","200","NvidiaA100","0.00329166090626","0.0019749835418038","1.21883136","0.142473161560669","epyc7","1.361304521560669","0.1020041584850333","1","7"
"nvidia-4.2-MatVecMul-MatVecMulCoalesced0","300","NvidiaA100","0.0052666574500161","0.0032916392363396","0.44319744","0.1370394717736816","epyc7","0.5802369117736816","0.037349692554129","1","7"
"nvidia-4.2-MatVecMul-MatVecMulCoalesced0","400","NvidiaA100","0.0072416539937721","0.0046082949308755","0.7495168","0.1373085231048584","epyc7","0.8868253231048584","0.0627281741949534","1","7"
"nvidia-4.2-MatVecMul-MatVecMulCoalesced0","500","NvidiaA100","0.0092166505375282","0.0059249506254114","1.15301376","0.1450788436834717","epyc7","1.2980926036834717","0.0967716629371346","1","7"
"nvidia-4.2-MatVecMul-MatVecMulCoalesced0","600","NvidiaA100","0.0111916470812842","0.0072416063199473","0.83323392","0.1387318697949219","epyc7","0.971965789794922","0.0697758501374435","1","7"
"nvidia-4.2-MatVecMul-MatVecMulCoalesced0","700","NvidiaA100","0.0131666436250403","0.0085582620144832","0.63588864","0.1384281477197265","epyc7","0.7743167877197266","0.0534150504949734","1","7"
"shoc-1.1.5-Sort-reduce","1000","NvidiaA100","0.0125083114437883","0.0125082290980908","0.03077632","0.1799606699749756","epyc7","0.2107369899749755","0.0067635822020156","1","7"
"shoc-1.1.5-Sort-reduce","1000","Tesla_V100_SXM2_32GB","0.0125083114437883","0.0125082290980908","0.02152432","0.2523745199505615","silver1","0.2738988399505615","0.0119919332771461","1","1"
"polybench-gpu-1.0-atax-atax_kernel2","100","Tesla_V100_SXM2_32GB","0.001316664362504","0.0","0.0099328","0.1850423377105713","silver1","0.1949751377105713","0.0054588627033863","1","1"
"polybench-gpu-1.0-atax-atax_kernel2","200","Tesla_V100_SXM2_32GB","0.00329166090626","0.0006583278472679","0.01241088","0.1973509779864501","silver1","0.2097618579864502","0.0066828636609568","1","1"
"polybench-gpu-1.0-atax-atax_kernel2","300","Tesla_V100_SXM2_32GB","0.0052666574500161","0.0013166556945358","0.0155287999999999","0.1860219221221923","silver1","0.2015507221221923","0.006003170126956","1","1"
"polybench-gpu-1.0-atax-atax_kernel2","400","Tesla_V100_SXM2_32GB","0.0072416539937721","0.0019749835418038","0.01590256","0.1873206684545898","silver1","0.2032232284545898","0.0061416152530018","1","1"
"polybench-gpu-1.0-atax-atax_kernel2","500","Tesla_V100_SXM2_32GB","0.0092166505375282","0.0026333113890717","0.01797632","0.2104346392437744","silver1","0.2284109592437744","0.0082265810892246","1","1"
"polybench-gpu-1.0-atax-atax_kernel2","600","Tesla_V100_SXM2_32GB","0.0111916470812842","0.0032916392363396","0.02060784","0.1858638415948486","silver1","0.2064716815948486","0.0064105125933258","1","1"
"polybench-gpu-1.0-atax-atax_kernel2","700","Tesla_V100_SXM2_32GB","0.0131666436250403","0.0039499670836076","0.0236646399999999","0.1870818867181396","silver1","0.2107465267181396","0.0067643716254","1","1"
"polybench-gpu-1.0-atax-atax_kernel2","100","NvidiaA100","0.001316664362504","0.0","0.0134195199999999","0.1325617917980957","epyc7","0.1459813117980957","0.0014032987437609","1","7"
"polybench-gpu-1.0-atax-atax_kernel2","200","NvidiaA100","0.00329166090626","0.0006583278472679","0.01872384","0.1325432116967773","epyc7","0.1512670516967773","0.0018408366545855","1","7"
"polybench-gpu-1.0-atax-atax_kernel2","300","NvidiaA100","0.0052666574500161","0.0013166556945358","0.02515456","0.134144813626709","epyc7","0.1592993736267089","0.0025057285001281","1","7"
"polybench-gpu-1.0-atax-atax_kernel2","400","NvidiaA100","0.0072416539937721","0.0019749835418038","0.02747904","0.1325498944787597","epyc7","0.1600289344787597","0.0025661193890376","1","7"
"polybench-gpu-1.0-atax-atax_kernel2","500","NvidiaA100","0.0092166505375282","0.0026333113890717","0.03951104","0.1472768037042236","epyc7","0.1867878437042236","0.0047811427278465","1","7"
"polybench-gpu-1.0-atax-atax_kernel2","600","NvidiaA100","0.0111916470812842","0.0032916392363396","0.0425830399999999","0.1343104326715088","epyc7","0.1768934726715088","0.0039621159664925","1","7"
"polybench-gpu-1.0-atax-atax_kernel2","700","NvidiaA100","0.0131666436250403","0.0039499670836076","0.05187584","0.1338367359124755","epyc7","0.1857125759124755","0.0046921352412512","1","7"
"polybench-gpu-1.0-correlation-mean_kernel","100","Tesla_V100_SXM2_32GB","6.583321812520161e-06","0.0","0.00991728","0.1798186094348144","silver1","0.1897358894348144","0.0050251732315608","1","1"
"polybench-gpu-1.0-correlation-mean_kernel","200","Tesla_V100_SXM2_32GB","0.0006649155030645","0.0006583278472679","0.01209872","0.1766560769818115","silver1","0.1887547969818115","0.0049439613008868","1","1"
"polybench-gpu-1.0-correlation-mean_kernel","300","Tesla_V100_SXM2_32GB","0.0013232476843165","0.0013166556945358","0.0136038399999999","0.2338615320855712","silver1","0.2474653720855713","0.009803849011331","1","1"
"polybench-gpu-1.0-correlation-mean_kernel","400","Tesla_V100_SXM2_32GB","0.0019815798655685","0.0019749835418038","0.01429504","0.1807206288690185","silver1","0.1950156688690185","0.0054622177527701","1","1"
"polybench-gpu-1.0-correlation-mean_kernel","500","Tesla_V100_SXM2_32GB","0.0026399120468205","0.0026333113890717","0.02109424","0.2165172922113037","silver1","0.2376115322113037","0.0089881772993608","1","1"
"polybench-gpu-1.0-correlation-mean_kernel","600","Tesla_V100_SXM2_32GB","0.0032982442280726","0.0032916392363396","0.0236288","0.230657727633667","silver1","0.254286527633667","0.0103684840870501","1","1"
"polybench-gpu-1.0-correlation-mean_kernel","700","Tesla_V100_SXM2_32GB","0.0039565764093246","0.0039499670836076","0.0249036799999999","0.1808396328356933","silver1","0.2057433128356933","0.0063502203823394","1","1"
"polybench-gpu-1.0-correlation-mean_kernel","100","NvidiaA100","6.583321812520161e-06","0.0","0.01344512","0.124578971720581","epyc7","0.138024091720581","0.0007446236073708","1","7"
"polybench-gpu-1.0-correlation-mean_kernel","200","NvidiaA100","0.0006649155030645","0.0006583278472679","0.02016256","0.1381902918676757","epyc7","0.1583528518676757","0.0024273782292226","1","7"
"polybench-gpu-1.0-correlation-mean_kernel","300","NvidiaA100","0.0013232476843165","0.0013166556945358","0.02585088","0.1244028927355957","epyc7","0.1502537727355957","0.001756960419989","1","7"
"polybench-gpu-1.0-correlation-mean_kernel","400","NvidiaA100","0.0019815798655685","0.0019749835418038","0.03053568","0.1241872490008545","epyc7","0.1547229290008545","0.0021269039535211","1","7"
"polybench-gpu-1.0-correlation-mean_kernel","500","NvidiaA100","0.0026399120468205","0.0026333113890717","0.03134976","0.1241849842626953","epyc7","0.1555347442626953","0.0021941036191213","1","7"
"polybench-gpu-1.0-correlation-mean_kernel","600","NvidiaA100","0.0032982442280726","0.0032916392363396","0.0339251199999999","0.1246649583538818","epyc7","0.1585900783538818","0.0024470151359105","1","7"
"polybench-gpu-1.0-correlation-mean_kernel","700","NvidiaA100","0.0039565764093246","0.0039499670836076","0.05147136","0.1238878891149902","epyc7","0.1753592491149902","0.0038351174795211","1","7"
"shoc-1.1.5-S3D-ratt10_kernel","1000","NvidiaA100","0.0059184063094556","0.0059249506254114","0.01339392","0.1617340630932617","epyc7","0.1751279830932617","0.0038159739624485","1","7"
"shoc-1.1.5-S3D-ratt10_kernel","3000","NvidiaA100","0.0190850499344959","0.0190915075707702","0.01261056","0.1238542742132568","epyc7","0.1364648342132568","0.0006155528840152","1","7"
"shoc-1.1.5-S3D-ratt10_kernel","5000","NvidiaA100","0.0322516935595362","0.032258064516129","0.01176576","0.1262738289282226","epyc7","0.1380395889282226","0.0007459064203705","1","7"
"shoc-1.1.5-S3D-ratt10_kernel","7000","NvidiaA100","0.0454183371845765","0.0454246214614878","0.01170944","0.127075206987915","epyc7","0.138784646987915","0.0008075801222796","1","7"
"shoc-1.1.5-S3D-ratt10_kernel","9000","NvidiaA100","0.0585849808096169","0.0585911784068466","0.01167872","0.1286961789105224","epyc7","0.1403748989105224","0.0009392164716346","1","7"
"shoc-1.1.5-S3D-ratt10_kernel","11000","NvidiaA100","0.0717516244346572","0.0717577353522053","0.01182208","0.1310395246905517","epyc7","0.1428616046905517","0.0011450586191267","1","7"
"shoc-1.1.5-S3D-ratt10_kernel","13000","NvidiaA100","0.0849182680596975","0.0849242922975641","0.0118016","0.1327384714874267","epyc7","0.1445400714874267","0.0012839971347878","1","7"
"shoc-1.1.5-S3D-ratt10_kernel","15000","NvidiaA100","0.0980849116847378","0.0980908492429229","0.0117504","0.134198725289917","epyc7","0.145949125289917","0.0014006344398384","1","7"
"shoc-1.1.5-S3D-ratt10_kernel","17000","NvidiaA100","0.1112515553097782","0.1112574061882817","0.01195008","0.1354903535021972","epyc7","0.1474404335021972","0.0015240805215799","1","7"
"shoc-1.1.5-S3D-ratt10_kernel","19000","NvidiaA100","0.1244181989348185","0.1244239631336405","0.01244672","0.1499461346905517","epyc7","0.1623928546905517","0.002761797710455","1","7"
"shoc-1.1.5-S3D-ratt10_kernel","1000","Tesla_V100_SXM2_32GB","0.0059184063094556","0.0059249506254114","0.0105420799999999","0.1924081591815185","silver1","0.2029502391815185","0.0061190180086222","1","1"
"shoc-1.1.5-S3D-ratt10_kernel","3000","Tesla_V100_SXM2_32GB","0.0190850499344959","0.0190915075707702","0.01184224","0.2363515008447265","silver1","0.2481937408447265","0.0098641412223175","1","1"
"shoc-1.1.5-S3D-ratt10_kernel","5000","Tesla_V100_SXM2_32GB","0.0322516935595362","0.032258064516129","0.01039344","0.2083937532983398","silver1","0.2187871932983398","0.007429954216404","1","1"
"shoc-1.1.5-S3D-ratt10_kernel","7000","Tesla_V100_SXM2_32GB","0.0454183371845765","0.0454246214614878","0.00959488","0.1987901106921386","silver1","0.2083849906921386","0.0065688906598286","1","1"
"shoc-1.1.5-S3D-ratt10_kernel","9000","Tesla_V100_SXM2_32GB","0.0585849808096169","0.0585911784068466","0.00978944","0.1963651448846435","silver1","0.2061545848846435","0.0063842642657933","1","1"
"shoc-1.1.5-S3D-ratt10_kernel","11000","Tesla_V100_SXM2_32GB","0.0717516244346572","0.0717577353522053","0.01033216","0.2007946443518066","silver1","0.2111268043518066","0.0067958498828545","1","1"
"shoc-1.1.5-S3D-ratt10_kernel","13000","Tesla_V100_SXM2_32GB","0.0849182680596975","0.0849242922975641","0.01075216","0.2049856596716308","silver1","0.2157378196716308","0.0071775360892301","1","1"
"shoc-1.1.5-S3D-ratt10_kernel","15000","Tesla_V100_SXM2_32GB","0.0980849116847378","0.0980908492429229","0.0110488","0.2073962626373291","silver1","0.2184450626373291","0.0074016336524873","1","1"
"shoc-1.1.5-S3D-ratt10_kernel","17000","Tesla_V100_SXM2_32GB","0.1112515553097782","0.1112574061882817","0.0122624","0.2479237953735351","silver1","0.2601861953735351","0.0108568411282478","1","1"
"shoc-1.1.5-S3D-ratt10_kernel","19000","Tesla_V100_SXM2_32GB","0.1244181989348185","0.1244239631336405","0.01146368","0.2420658686450195","silver1","0.2535295486450195","0.0103058236059103","1","1"
"shoc-1.1.5-S3D-ratx_kernel","1000","NvidiaA100","0.0322516935595362","0.0125082290980908","0.0371148799999999","0.1842806125537109","epyc7","0.2213954925537109","0.0076458615120477","1","7"
"shoc-1.1.5-S3D-ratx_kernel","3000","NvidiaA100","0.0980849116847378","0.0388413429888084","0.036864","0.1573553508148193","epyc7","0.1942193508148193","0.0053963009001696","1","7"
"shoc-1.1.5-S3D-ratx_kernel","5000","NvidiaA100","0.1639181298099395","0.065174456879526","0.0374016","0.1696518229278564","epyc7","0.2070534229278564","0.0064586674197765","1","7"
"shoc-1.1.5-S3D-ratx_kernel","7000","NvidiaA100","0.2297513479351411","0.0915075707702435","0.03671552","0.1683149212841796","epyc7","0.2050304412841797","0.0062912109843527","1","7"
"shoc-1.1.5-S3D-ratx_kernel","9000","NvidiaA100","0.2955845660603427","0.1178406846609611","0.03774976","0.1721861435491943","epyc7","0.2099359035491943","0.0066972706377228","1","7"
"shoc-1.1.5-S3D-ratx_kernel","11000","NvidiaA100","0.3614177841855443","0.1441737985516787","0.037888","0.1846054101104736","epyc7","0.2224934101104736","0.0077367438791811","1","7"
"shoc-1.1.5-S3D-ratx_kernel","13000","NvidiaA100","0.427251002310746","0.1705069124423963","0.03773952","0.183057541920166","epyc7","0.220797061920166","0.0075963251946742","1","7"
"shoc-1.1.5-S3D-ratx_kernel","15000","NvidiaA100","0.4930842204359476","0.1968400263331139","0.03661312","0.1900991068676757","epyc7","0.2267122268676757","0.0080859650488717","1","7"
"shoc-1.1.5-S3D-ratx_kernel","17000","NvidiaA100","0.5589174385611492","0.2231731402238314","0.03780608","0.1912545698718261","epyc7","0.2290606498718261","0.0082803605572894","1","7"
"shoc-1.1.5-S3D-ratx_kernel","19000","NvidiaA100","0.6247506566863508","0.249506254114549","0.0373964799999999","0.196380089366455","epyc7","0.233776569366455","0.0086707304208938","1","7"
"shoc-1.1.5-S3D-ratx_kernel","1000","Tesla_V100_SXM2_32GB","0.0322516935595362","0.0125082290980908","0.02471936","0.2582286571203613","silver1","0.2829480171203613","0.0127409973910543","1","1"
"shoc-1.1.5-S3D-ratx_kernel","3000","Tesla_V100_SXM2_32GB","0.0980849116847378","0.0388413429888084","0.02262032","0.2101656201702881","silver1","0.232785940170288","0.0085887290668354","1","1"
"shoc-1.1.5-S3D-ratx_kernel","5000","Tesla_V100_SXM2_32GB","0.1639181298099395","0.065174456879526","0.02317312","0.2461707329968261","silver1","0.2693438529968261","0.011614884933154","1","1"
"shoc-1.1.5-S3D-ratx_kernel","7000","Tesla_V100_SXM2_32GB","0.2297513479351411","0.0915075707702435","0.02308592","0.2451337893963623","silver1","0.2682197093963623","0.0115218316517135","1","1"
"shoc-1.1.5-S3D-ratx_kernel","9000","Tesla_V100_SXM2_32GB","0.2955845660603427","0.1178406846609611","0.02290704","0.2528157020806885","silver1","0.2757227420806885","0.0121429104994198","1","1"
"shoc-1.1.5-S3D-ratx_kernel","11000","Tesla_V100_SXM2_32GB","0.3614177841855443","0.1441737985516787","0.02390016","0.3179801615026855","silver1","0.3418803215026855","0.0176192391951868","1","1"
"shoc-1.1.5-S3D-ratx_kernel","13000","Tesla_V100_SXM2_32GB","0.427251002310746","0.1705069124423963","0.02395648","0.3116772747302246","silver1","0.3356337547302246","0.0171021668783801","1","1"
"shoc-1.1.5-S3D-ratx_kernel","15000","Tesla_V100_SXM2_32GB","0.4930842204359476","0.1968400263331139","0.0229681599999999","0.2884220015142822","silver1","0.3113901615142822","0.0150953539572166","1","1"
"shoc-1.1.5-S3D-ratx_kernel","17000","Tesla_V100_SXM2_32GB","0.5589174385611492","0.2231731402238314","0.02340352","0.3013404661297607","silver1","0.3247439861297607","0.0162007440512754","1","1"
"shoc-1.1.5-S3D-ratx_kernel","19000","Tesla_V100_SXM2_32GB","0.6247506566863508","0.249506254114549","0.02438688","0.3538820771380615","silver1","0.3782689571380615","0.0206313827964316","1","1"
"npb-3.3-CG-makea_7","1000","NvidiaA100","0.0125083114437883","0.0059249506254114","0.0070912","0.1219373587310791","epyc7","0.1290285587310791","0.0","1","7"
"npb-3.3-CG-makea_7","3000","NvidiaA100","0.0388415986938689","0.0190915075707702","0.00895488","0.1311339166156006","epyc7","0.1400887966156005","0.0009155337701015","1","7"
"npb-3.3-CG-makea_7","5000","NvidiaA100","0.0651748859439496","0.032258064516129","0.00883712","0.1325355606640625","epyc7","0.1413726806640625","0.0010218098932314","1","7"
"npb-3.3-CG-makea_7","7000","NvidiaA100","0.0915081731940302","0.0454246214614878","0.00877056","0.1340219033026123","epyc7","0.1427924633026123","0.0011393352995896","1","7"
"npb-3.3-CG-makea_7","9000","NvidiaA100","0.1178414604441109","0.0585911784068466","0.00890368","0.1371062420275879","epyc7","0.1460099220275879","0.0014056670139142","1","7"
"npb-3.3-CG-makea_7","11000","NvidiaA100","0.1441747476941915","0.0717577353522053","0.00788992","0.133568591352539","epyc7","0.141458511352539","0.0010289147036914","1","7"
"npb-3.3-CG-makea_7","13000","NvidiaA100","0.1705080349442722","0.0849242922975641","0.00784384","0.1322318435937499","epyc7","0.14007568359375","0.0009144483129479","1","7"
"npb-3.3-CG-makea_7","15000","NvidiaA100","0.1968413221943528","0.0980908492429229","0.00924672","0.1391795743267822","epyc7","0.1484262943267822","0.0016056871639461","1","7"
"npb-3.3-CG-makea_7","17000","NvidiaA100","0.2231746094444334","0.1112574061882817","0.00850432","0.1400936357037353","epyc7","0.1485979557037353","0.001619896784866","1","7"
"npb-3.3-CG-makea_7","19000","NvidiaA100","0.2495078966945141","0.1244239631336405","0.00795136","0.139155287491455","epyc7","0.147106647491455","0.0014964507031246","1","7"
"npb-3.3-CG-makea_7","1000","Tesla_V100_SXM2_32GB","0.0125083114437883","0.0059249506254114","0.00758288","0.1819110145770263","silver1","0.1894938945770263","0.0050051416131807","1","1"
"npb-3.3-CG-makea_7","3000","Tesla_V100_SXM2_32GB","0.0388415986938689","0.0190915075707702","0.00991744","0.2390606979699707","silver1","0.2489781379699707","0.0099290712956875","1","1"
"npb-3.3-CG-makea_7","5000","Tesla_V100_SXM2_32GB","0.0651748859439496","0.032258064516129","0.00696832","0.1875955456616211","silver1","0.1945638656616211","0.0054248188199324","1","1"
"npb-3.3-CG-makea_7","7000","Tesla_V100_SXM2_32GB","0.0915081731940302","0.0454246214614878","0.00690688","0.1915312875720214","silver1","0.1984381675720214","0.0057455220698602","1","1"
"npb-3.3-CG-makea_7","9000","Tesla_V100_SXM2_32GB","0.1178414604441109","0.0585911784068466","0.00746496","0.203726217368164","silver1","0.211191177368164","0.0068011784906994","1","1"
"npb-3.3-CG-makea_7","11000","Tesla_V100_SXM2_32GB","0.1441747476941915","0.0717577353522053","0.00882192","0.2363748993054199","silver1","0.2451968193054199","0.0096160649237579","1","1"
"npb-3.3-CG-makea_7","13000","Tesla_V100_SXM2_32GB","0.1705080349442722","0.0849242922975641","0.00701936","0.208967607086792","silver1","0.215986967086792","0.0071981597751485","1","1"
"npb-3.3-CG-makea_7","15000","Tesla_V100_SXM2_32GB","0.1968413221943528","0.0980908492429229","0.00699376","0.2129020796911621","silver1","0.2198958396911621","0.0075217246848449","1","1"
"npb-3.3-CG-makea_7","17000","Tesla_V100_SXM2_32GB","0.2231746094444334","0.1112574061882817","0.0071167999999999","0.2125573104125976","silver1","0.2196741104125976","0.0075033705911567","1","1"
"npb-3.3-CG-makea_7","19000","Tesla_V100_SXM2_32GB","0.2495078966945141","0.1244239631336405","0.00664064","0.2173345415795898","silver1","0.2239751815795898","0.0078594005375381","1","1"
"shoc-1.1.5-S3D-rdwdot8_kernel","1000","NvidiaA100","0.0190850499344959","0.0059249506254114","0.01309696","0.1698070450506592","epyc7","0.1829040050506591","0.0044596500545343","1","7"
"shoc-1.1.5-S3D-rdwdot8_kernel","3000","NvidiaA100","0.0585849808096169","0.0190915075707702","0.012288","0.1673425179595947","epyc7","0.1796305179595947","0.0041886804778261","1","7"
"shoc-1.1.5-S3D-rdwdot8_kernel","5000","NvidiaA100","0.0980849116847378","0.032258064516129","0.01246208","0.1512587661761474","epyc7","0.1637208461761474","0.002871724916738","1","7"
"shoc-1.1.5-S3D-rdwdot8_kernel","7000","NvidiaA100","0.1375848425598588","0.0454246214614878","0.01221632","0.1550116634747314","epyc7","0.1672279834747314","0.0031620353663649","1","7"
"shoc-1.1.5-S3D-rdwdot8_kernel","9000","NvidiaA100","0.1770847734349798","0.0585911784068466","0.01251328","0.1599467991931152","epyc7","0.1724600791931152","0.003595132770652","1","7"
"shoc-1.1.5-S3D-rdwdot8_kernel","11000","NvidiaA100","0.2165847043101008","0.0717577353522053","0.01248256","0.162155472913208","epyc7","0.174638032913208","0.003775417336073","1","7"
"shoc-1.1.5-S3D-rdwdot8_kernel","13000","NvidiaA100","0.2560846351852217","0.0849242922975641","0.01252352","0.1664215445446777","epyc7","0.1789450645446777","0.0041319406720696","1","7"
"shoc-1.1.5-S3D-rdwdot8_kernel","15000","NvidiaA100","0.2955845660603427","0.0980908492429229","0.01245696","0.1704744631872558","epyc7","0.1829314231872558","0.0044619196467645","1","7"
"shoc-1.1.5-S3D-rdwdot8_kernel","17000","NvidiaA100","0.3350844969354637","0.1112574061882817","0.01249792","0.1724278746014404","epyc7","0.1849257946014404","0.0046270078120351","1","7"
"shoc-1.1.5-S3D-rdwdot8_kernel","19000","NvidiaA100","0.3745844278105846","0.1244239631336405","0.01269248","0.1754066658892822","epyc7","0.1880991458892822","0.0048896884432067","1","7"
"shoc-1.1.5-S3D-rdwdot8_kernel","1000","Tesla_V100_SXM2_32GB","0.0190850499344959","0.0059249506254114","0.01037328","0.2258673453814697","silver1","0.2362406253814697","0.0088746976878479","1","1"
"shoc-1.1.5-S3D-rdwdot8_kernel","3000","Tesla_V100_SXM2_32GB","0.0585849808096169","0.0190915075707702","0.00902656","0.2080273302282715","silver1","0.2170538902282714","0.0072864765162824","1","1"
"shoc-1.1.5-S3D-rdwdot8_kernel","5000","Tesla_V100_SXM2_32GB","0.0980849116847378","0.032258064516129","0.00931328","0.2338784390551757","silver1","0.2431917190551757","0.0094500886571799","1","1"
"shoc-1.1.5-S3D-rdwdot8_kernel","7000","Tesla_V100_SXM2_32GB","0.1375848425598588","0.0454246214614878","0.01108496","0.2944556016760253","silver1","0.3055405616760254","0.0146111413887871","1","1"
"shoc-1.1.5-S3D-rdwdot8_kernel","9000","Tesla_V100_SXM2_32GB","0.1770847734349798","0.0585911784068466","0.00893952","0.2326226080670166","silver1","0.2415621280670166","0.0093151959363641","1","1"
"shoc-1.1.5-S3D-rdwdot8_kernel","11000","Tesla_V100_SXM2_32GB","0.2165847043101008","0.0717577353522053","0.00903664","0.246557613540039","silver1","0.255594253540039","0.0104767337686411","1","1"
"shoc-1.1.5-S3D-rdwdot8_kernel","13000","Tesla_V100_SXM2_32GB","0.2560846351852217","0.0849242922975641","0.00899088","0.2540801801806641","silver1","0.263071060180664","0.0110956417020402","1","1"
"shoc-1.1.5-S3D-rdwdot8_kernel","15000","Tesla_V100_SXM2_32GB","0.2955845660603427","0.0980908492429229","0.0091392","0.2636891405303955","silver1","0.2728283405303955","0.011903320502243","1","1"
"shoc-1.1.5-S3D-rdwdot8_kernel","17000","Tesla_V100_SXM2_32GB","0.3350844969354637","0.1112574061882817","0.00921056","0.274062898480835","silver1","0.2832734584808349","0.0127679364640483","1","1"
"shoc-1.1.5-S3D-rdwdot8_kernel","19000","Tesla_V100_SXM2_32GB","0.3745844278105846","0.1244239631336405","0.00956928","0.2884765936419677","silver1","0.2980458736419678","0.0139907532865422","1","1"
"shoc-1.1.5-S3D-ratt6_kernel","1000","NvidiaA100","0.0190850499344959","0.0059249506254114","0.02044416","0.1709713883245849","epyc7","0.1914155483245849","0.0051642104251449","1","7"
"shoc-1.1.5-S3D-ratt6_kernel","3000","NvidiaA100","0.0585849808096169","0.0190915075707702","0.0195686399999999","0.1471646249230957","epyc7","0.1667332649230957","0.0031210840282972","1","7"
"shoc-1.1.5-S3D-ratt6_kernel","5000","NvidiaA100","0.0980849116847378","0.032258064516129","0.0203776","0.1499426724456787","epyc7","0.1703202724456787","0.0034180058987688","1","7"
"shoc-1.1.5-S3D-ratt6_kernel","7000","NvidiaA100","0.1375848425598588","0.0454246214614878","0.02020352","0.1542902696728515","epyc7","0.1744937896728515","0.0037634773073834","1","7"
"shoc-1.1.5-S3D-ratt6_kernel","9000","NvidiaA100","0.1770847734349798","0.0585911784068466","0.0203417599999999","0.157733076730957","epyc7","0.178074836730957","0.0040599057882397","1","7"
"shoc-1.1.5-S3D-ratt6_kernel","11000","NvidiaA100","0.2165847043101008","0.0717577353522053","0.0200396799999999","0.1640421128314209","epyc7","0.1840817928314209","0.0045571438425123","1","7"
"shoc-1.1.5-S3D-ratt6_kernel","13000","NvidiaA100","0.2560846351852217","0.0849242922975641","0.0210841599999999","0.1656786497534179","epyc7","0.1867628097534179","0.0047790704914624","1","7"
"shoc-1.1.5-S3D-ratt6_kernel","15000","NvidiaA100","0.2955845660603427","0.0980908492429229","0.02031616","0.171031439029541","epyc7","0.191347599029541","0.0051585857835308","1","7"
"shoc-1.1.5-S3D-ratt6_kernel","17000","NvidiaA100","0.3350844969354637","0.1112574061882817","0.0209510399999999","0.1718771384057617","epyc7","0.1928281784057617","0.0052811437639647","1","7"
"shoc-1.1.5-S3D-ratt6_kernel","19000","NvidiaA100","0.3745844278105846","0.1244239631336405","0.0208384","0.176770070916748","epyc7","0.197608470916748","0.0056768422354141","1","7"
"shoc-1.1.5-S3D-ratt6_kernel","1000","Tesla_V100_SXM2_32GB","0.0190850499344959","0.0059249506254114","0.01268736","0.1910425079351806","silver1","0.2037298679351806","0.0061835533703","1","1"
"shoc-1.1.5-S3D-ratt6_kernel","3000","Tesla_V100_SXM2_32GB","0.0585849808096169","0.0190915075707702","0.0145254399999999","0.2450277540460205","silver1","0.2595531940460205","0.0108044431511057","1","1"
"shoc-1.1.5-S3D-ratt6_kernel","5000","Tesla_V100_SXM2_32GB","0.0980849116847378","0.032258064516129","0.01258496","0.2159130220251464","silver1","0.2284979820251464","0.0082337845776076","1","1"
"shoc-1.1.5-S3D-ratt6_kernel","7000","Tesla_V100_SXM2_32GB","0.1375848425598588","0.0454246214614878","0.01224704","0.2215569475030517","silver1","0.2338039875030517","0.0086730000131241","1","1"
"shoc-1.1.5-S3D-ratt6_kernel","9000","Tesla_V100_SXM2_32GB","0.1770847734349798","0.0585911784068466","0.01263616","0.2335548647802734","silver1","0.2461910247802734","0.0096983623115856","1","1"
"shoc-1.1.5-S3D-ratt6_kernel","11000","Tesla_V100_SXM2_32GB","0.2165847043101008","0.0717577353522053","0.01217536","0.2416879746557617","silver1","0.2538633346557617","0.0103334534243656","1","1"
"shoc-1.1.5-S3D-ratt6_kernel","13000","Tesla_V100_SXM2_32GB","0.2560846351852217","0.0849242922975641","0.0127232","0.2513063028686523","silver1","0.2640295028686523","0.0111749787521762","1","1"
"shoc-1.1.5-S3D-ratt6_kernel","15000","Tesla_V100_SXM2_32GB","0.2955845660603427","0.0980908492429229","0.01303024","0.2639108210198974","silver1","0.2769410610198974","0.0122437593367817","1","1"
"shoc-1.1.5-S3D-ratt6_kernel","17000","Tesla_V100_SXM2_32GB","0.3350844969354637","0.1112574061882817","0.01323008","0.2725384289111328","silver1","0.2857685089111328","0.0129744693570018","1","1"
"shoc-1.1.5-S3D-ratt6_kernel","19000","Tesla_V100_SXM2_32GB","0.3745844278105846","0.1244239631336405","0.01397232","0.2847351651989746","silver1","0.2987074851989746","0.0140455195338375","1","1"
"polybench-gpu-1.0-atax-atax_kernel1","100","Tesla_V100_SXM2_32GB","0.001316664362504","0.0","0.01119232","0.2266850489270019","silver1","0.2378773689270019","0.009010182476202","1","1"
"polybench-gpu-1.0-atax-atax_kernel1","200","Tesla_V100_SXM2_32GB","0.00329166090626","0.0006583278472679","0.01184768","0.1872211047137451","silver1","0.1990687847137451","0.0057977226911561","1","1"
"polybench-gpu-1.0-atax-atax_kernel1","300","Tesla_V100_SXM2_32GB","0.0052666574500161","0.0013166556945358","0.01742336","0.2492752388616943","silver1","0.2666985988616943","0.0113959186218957","1","1"
"polybench-gpu-1.0-atax-atax_kernel1","400","Tesla_V100_SXM2_32GB","0.0072416539937721","0.0019749835418038","0.01661936","0.2303644065557861","silver1","0.2469837665557861","0.0097639831304169","1","1"
"polybench-gpu-1.0-atax-atax_kernel1","500","Tesla_V100_SXM2_32GB","0.0092166505375282","0.0026333113890717","0.01951744","0.2413601692529297","silver1","0.2608776092529297","0.0109140743236195","1","1"
"polybench-gpu-1.0-atax-atax_kernel1","600","Tesla_V100_SXM2_32GB","0.0111916470812842","0.0032916392363396","0.0208743999999999","0.2285352755981445","silver1","0.2494096755981445","0.0099647927038333","1","1"
"polybench-gpu-1.0-atax-atax_kernel1","700","Tesla_V100_SXM2_32GB","0.0131666436250403","0.0039499670836076","0.0216011199999999","0.1863821353863525","silver1","0.2079832553863525","0.0065356361997592","1","1"
